{"cameraMode":{"drawMode":0,"name":"Shaded","section":"Shading Mode"},"sceneLighting":true,"audioPlay":false,"sceneViewState":{"m_AlwaysRefresh":false,"showFog":true,"showSkybox":true,"showFlares":true,"showImageEffects":true,"showParticleSystems":true,"showVisualEffectGraphs":true,"m_FxEnabled":true},"in2DMode":false,"pivot":{"x":0.06999969482421875,"y":1.440000057220459,"z":-0.01612567901611328},"rotation":{"x":0.44113487005233767,"y":0.01076886523514986,"z":-0.005293846130371094,"w":0.8973612785339356},"size":9.794413566589356,"orthographic":true}