{"cameraMode":{"drawMode":0,"name":"Shaded","section":"Shading Mode"},"sceneLighting":true,"audioPlay":false,"sceneViewState":{"m_AlwaysRefresh":false,"showFog":true,"showSkybox":true,"showFlares":true,"showImageEffects":true,"showParticleSystems":true,"showVisualEffectGraphs":true,"m_FxEnabled":true},"in2DMode":false,"pivot":{"x":-0.846372127532959,"y":4.108317852020264,"z":-1.368988037109375},"rotation":{"x":0.4718250334262848,"y":-0.010579835623502732,"z":0.00566217303276062,"w":0.8816104531288147},"size":10.969338417053223,"orthographic":true}