{"cameraMode":{"drawMode":0,"name":"Shaded","section":"Shading Mode"},"sceneLighting":true,"audioPlay":false,"sceneViewState":{"m_AlwaysRefresh":false,"showFog":true,"showSkybox":true,"showFlares":true,"showImageEffects":true,"showParticleSystems":true,"showVisualEffectGraphs":true,"m_FxEnabled":true},"in2DMode":false,"pivot":{"x":1287.323486328125,"y":467.48150634765627,"z":187.1077880859375},"rotation":{"x":0.26325497031211855,"y":-0.004341248422861099,"z":0.0011846675770357252,"w":0.9647142887115479},"size":130.92196655273438,"orthographic":true}