{"cameraMode":{"drawMode":0,"name":"Shaded","section":"Shading Mode"},"sceneLighting":true,"audioPlay":false,"sceneViewState":{"m_AlwaysRefresh":false,"showFog":true,"showSkybox":true,"showFlares":true,"showImageEffects":true,"showParticleSystems":true,"showVisualEffectGraphs":true,"m_FxEnabled":true},"in2DMode":false,"pivot":{"x":0.06999969482421875,"y":1.440000057220459,"z":-0.01612567901611328},"rotation":{"x":0.5403729677200317,"y":-0.0063105495646595959,"z":0.004052898846566677,"w":0.8413930535316467},"size":9.794413566589356,"orthographic":true}